merchantId,networkProfile,avgLatencyMs,packetLossPercent,bandwidthKbps,signalStrength,connectionStability,peakHourLatencyMs,offPeakLatencyMs,dataUsageMB,lastSpeedTestDate
M0001,3G_POOR,732,3.5,923,45,unstable,1025,549,70,2026-01-05
M0002,4G_GOOD,111,0.1,8057,89,stable,167,83,534,2025-12-01
M0003,4G_GOOD,122,0.5,5322,96,stable,183,92,323,2026-02-15
M0004,3G_POOR,856,3.4,806,51,unstable,1198,642,133,2026-02-15
M0005,3G_POOR,711,2.6,994,40,unstable,995,533,108,2025-11-15
M0006,2G_EDGE,1698,5,217,23,poor,2292,1274,36,2025-11-15
M0007,4G_GOOD,85,0.5,7361,96,stable,128,64,429,2025-11-20
M0008,4G_GOOD,89,0.3,8002,90,stable,134,67,438,2025-11-20
M0009,3G_POOR,816,2.7,657,47,unstable,1142,612,59,2026-03-01
M0010,4G_GOOD,104,0.1,8288,92,stable,156,78,372,2025-12-01
M0011,4G_UNSTABLE,323,2.2,4355,68,moderate,517,242,178,2026-01-15
M0012,2G_EDGE,1688,5.4,216,20,poor,2279,1266,40,2025-12-10
M0013,3G_POOR,767,2.9,844,39,unstable,1074,575,123,2026-03-01
M0014,3G_POOR,886,3.3,629,52,unstable,1240,665,109,2025-11-10
M0015,3G_POOR,872,3.4,912,45,unstable,1221,654,135,2025-11-20
M0016,4G_GOOD,111,0.3,9027,98,stable,167,83,514,2025-12-10
M0017,2G_EDGE,1533,5.7,171,22,poor,2070,1150,32,2025-12-10
M0018,4G_GOOD,129,0.2,6884,89,stable,194,97,517,2026-01-15
M0019,4G_UNSTABLE,276,1.6,3536,63,moderate,442,207,238,2026-02-01
M0020,4G_UNSTABLE,393,1.8,3206,67,moderate,629,295,124,2025-12-10
M0021,3G_POOR,841,3.9,693,42,unstable,1177,631,113,2025-11-10
M0022,4G_UNSTABLE,328,2.2,4019,72,moderate,525,246,265,2025-11-20
M0023,3G_POOR,772,3.1,687,48,unstable,1081,579,129,2025-11-10
M0024,4G_GOOD,118,0.1,8654,98,stable,177,89,586,2025-12-10
M0025,2G_EDGE,1654,6.8,198,21,poor,2233,1241,29,2025-12-10
M0026,3G_POOR,715,2.6,978,50,unstable,1001,536,135,2025-12-20
M0027,4G_GOOD,105,0.4,9910,91,stable,158,79,376,2025-11-10
M0028,4G_GOOD,86,0.4,6054,97,stable,129,65,269,2026-02-01
M0029,3G_POOR,828,2.9,811,48,unstable,1159,621,102,2025-12-10
M0030,4G_UNSTABLE,273,1.9,3671,62,moderate,437,205,115,2026-01-05
M0031,3G_POOR,841,3.2,882,48,unstable,1177,631,64,2026-02-15
M0032,4G_GOOD,106,0.2,8525,96,stable,159,80,577,2025-11-10
M0033,3G_POOR,840,2.8,812,44,unstable,1176,630,73,2026-03-01
M0034,4G_GOOD,86,0.3,7498,87,stable,129,65,458,2025-12-20
M0035,4G_UNSTABLE,282,1.7,4456,62,moderate,451,212,198,2026-02-15
M0036,4G_UNSTABLE,367,2,4224,65,moderate,587,275,275,2026-02-01
M0037,4G_UNSTABLE,373,1.9,3859,63,moderate,597,280,108,2025-11-20
M0038,3G_POOR,807,3.1,775,44,unstable,1130,605,122,2025-12-10
M0039,4G_UNSTABLE,391,2.3,4281,61,moderate,626,293,253,2026-01-05
M0040,4G_GOOD,111,0.2,7703,96,stable,167,83,598,2026-02-15
M0041,4G_GOOD,122,0.2,6304,98,stable,183,92,239,2026-01-05
M0042,3G_POOR,818,3.5,926,46,unstable,1145,614,73,2025-11-10
M0043,4G_GOOD,113,0.4,9090,86,stable,170,85,373,2025-12-10
M0044,3G_POOR,853,3.4,694,41,unstable,1194,640,62,2025-12-10
M0045,2G_EDGE,1761,6.8,153,21,poor,2377,1321,25,2026-02-01
M0046,4G_GOOD,92,0.2,7036,91,stable,138,69,577,2026-03-01
M0047,4G_GOOD,83,0.3,8479,88,stable,125,62,291,2025-12-10
M0048,4G_GOOD,118,0.5,8360,92,stable,177,89,289,2025-11-15
M0049,4G_GOOD,83,0.3,5981,86,stable,125,62,593,2025-12-20
M0050,4G_GOOD,126,0.2,6331,89,stable,189,95,514,2025-12-01
M0051,2G_EDGE,1735,6.7,196,27,poor,2342,1301,36,2026-01-15
M0052,3G_POOR,895,3.7,991,47,unstable,1253,671,55,2026-03-01
M0053,2G_EDGE,1466,5.5,170,24,poor,1979,1100,39,2025-12-20
M0054,4G_UNSTABLE,284,1.6,3756,65,moderate,454,213,177,2026-03-01
M0055,4G_GOOD,91,0.3,5247,88,stable,137,68,445,2025-12-01
M0056,2G_EDGE,1692,5.7,181,28,poor,2284,1269,24,2026-01-05
M0057,4G_UNSTABLE,300,2.4,4578,60,moderate,480,225,285,2026-01-15
M0058,3G_POOR,837,3.7,918,40,unstable,1172,628,122,2025-12-10
M0059,4G_UNSTABLE,372,2.4,3124,69,moderate,595,279,294,2025-11-10
M0060,3G_POOR,864,4,794,40,unstable,1210,648,140,2025-11-10
M0061,4G_GOOD,91,0.3,5550,87,stable,137,68,468,2026-01-05
M0062,2G_EDGE,1513,6.1,162,25,poor,2043,1135,26,2025-11-10
M0063,4G_UNSTABLE,297,1.8,4549,66,moderate,475,223,148,2026-02-15
M0064,2G_EDGE,1477,5.1,200,25,poor,1994,1108,59,2026-02-01
M0065,4G_UNSTABLE,319,2,4284,65,moderate,510,239,171,2025-11-20
M0066,4G_GOOD,87,0.1,9285,86,stable,131,65,449,2025-11-20
M0067,4G_UNSTABLE,388,2.1,4466,65,moderate,621,291,213,2025-11-15
M0068,4G_UNSTABLE,303,2.3,3755,74,moderate,485,227,172,2026-03-01
M0069,4G_UNSTABLE,343,1.9,3482,64,moderate,549,257,176,2026-03-01
M0070,4G_UNSTABLE,387,2.4,3129,67,moderate,619,290,161,2026-01-15
M0071,4G_UNSTABLE,256,2.2,4547,62,moderate,410,192,200,2025-12-20
M0072,4G_UNSTABLE,373,1.5,4558,69,moderate,597,280,277,2025-11-10
M0073,4G_UNSTABLE,307,2.1,3619,67,moderate,491,230,213,2025-12-10
M0074,3G_POOR,887,3.6,706,47,unstable,1242,665,148,2026-01-15
M0075,4G_GOOD,95,0.3,6382,89,stable,143,71,263,2026-02-15
M0076,4G_GOOD,113,0.2,5834,87,stable,170,85,489,2026-01-15
M0077,4G_GOOD,106,0.1,9783,93,stable,159,80,593,2026-01-15
M0078,4G_GOOD,123,0.4,7740,92,stable,185,92,460,2025-11-15
M0079,4G_UNSTABLE,348,1.8,4152,72,moderate,557,261,143,2026-01-05
M0080,3G_POOR,731,3.6,608,48,unstable,1023,548,90,2026-01-05
M0081,4G_UNSTABLE,383,2.4,3371,62,moderate,613,287,192,2026-01-05
M0082,3G_POOR,855,3.2,650,40,unstable,1197,641,102,2025-12-01
M0083,4G_UNSTABLE,304,2.2,4005,74,moderate,486,228,142,2026-03-01
M0084,2G_EDGE,1611,5.7,150,26,poor,2175,1208,22,2025-12-10
M0085,3G_POOR,758,2.7,856,47,unstable,1061,569,129,2026-01-05
M0086,4G_GOOD,128,0.3,5091,86,stable,192,96,449,2025-11-10
M0087,2G_EDGE,1791,6.2,162,22,poor,2418,1343,42,2026-02-15
M0088,3G_POOR,836,3,783,50,unstable,1170,627,73,2026-01-15
M0089,4G_GOOD,88,0.4,5110,97,stable,132,66,202,2025-12-01
M0090,2G_EDGE,1596,5.7,172,23,poor,2155,1197,29,2026-01-15
M0091,4G_UNSTABLE,338,2.5,3813,61,moderate,541,254,110,2025-11-15
M0092,4G_GOOD,115,0.2,8310,89,stable,173,86,456,2025-12-10
M0093,4G_UNSTABLE,313,1.7,3018,62,moderate,501,235,236,2026-02-01
M0094,4G_GOOD,111,0.2,8177,86,stable,167,83,390,2025-11-15
M0095,4G_GOOD,119,0.4,9207,98,stable,179,89,420,2025-12-01
M0096,3G_POOR,759,2.8,763,46,unstable,1063,569,97,2026-02-01
M0097,2G_EDGE,1777,6.5,216,30,poor,2399,1333,34,2026-01-15
M0098,4G_GOOD,110,0.2,9890,89,stable,165,83,382,2025-11-20
M0099,4G_UNSTABLE,350,1.8,4985,65,moderate,560,263,111,2025-11-20
M0100,4G_GOOD,126,0.2,7776,90,stable,189,95,540,2026-02-15
M0101,4G_GOOD,129,0.4,9019,89,stable,194,97,421,2025-12-10
M0102,3G_POOR,812,3.5,677,50,unstable,1137,609,53,2026-03-01
M0103,4G_UNSTABLE,294,1.7,3137,70,moderate,470,221,158,2026-03-01
M0104,4G_GOOD,104,0.3,6897,95,stable,156,78,502,2025-12-20
M0105,4G_GOOD,106,0.3,7320,95,stable,159,80,514,2026-02-15
M0106,4G_GOOD,114,0.4,8338,93,stable,171,86,351,2025-12-20
M0107,4G_UNSTABLE,268,2.2,4358,62,moderate,429,201,104,2026-02-15
M0108,3G_POOR,817,3.7,909,43,unstable,1144,613,81,2025-12-20
M0109,4G_GOOD,125,0.4,7932,90,stable,188,94,394,2026-02-15
M0110,4G_UNSTABLE,378,2.4,4740,62,moderate,605,284,276,2025-12-10
M0111,4G_UNSTABLE,325,2,3055,66,moderate,520,244,191,2026-02-15
M0112,4G_UNSTABLE,265,1.6,4664,64,moderate,424,199,211,2026-01-15
M0113,2G_EDGE,1422,6.4,150,23,poor,1920,1067,55,2025-12-10
M0114,4G_GOOD,113,0.3,5997,97,stable,170,85,555,2025-12-01
M0115,3G_POOR,869,3.7,970,45,unstable,1217,652,57,2026-03-01
M0116,2G_EDGE,1698,6.8,187,26,poor,2292,1274,60,2026-02-15
M0117,4G_UNSTABLE,361,1.8,4223,66,moderate,578,271,132,2026-01-15
M0118,3G_POOR,729,3.8,983,41,unstable,1021,547,145,2025-12-10
M0119,4G_GOOD,115,0.3,5490,96,stable,173,86,330,2025-12-20
M0120,3G_POOR,750,3.6,877,51,unstable,1050,563,83,2025-11-10
M0121,3G_POOR,786,3.7,666,49,unstable,1100,590,100,2026-02-15
M0122,4G_GOOD,104,0.2,9805,89,stable,156,78,323,2025-11-20
M0123,4G_UNSTABLE,392,1.9,4984,73,moderate,627,294,157,2025-11-20
M0124,4G_GOOD,93,0.5,9942,96,stable,140,70,323,2026-01-15
M0125,2G_EDGE,1783,6.7,153,28,poor,2407,1337,49,2025-12-01
M0126,4G_GOOD,90,0.3,7040,93,stable,135,68,373,2025-11-15
M0127,4G_GOOD,107,0.4,7939,88,stable,161,80,306,2026-02-15
M0128,3G_POOR,872,3.6,608,38,unstable,1221,654,130,2026-02-01
M0129,4G_UNSTABLE,299,2.4,3419,68,moderate,478,224,282,2026-02-15
M0130,2G_EDGE,1540,5.2,197,25,poor,2079,1155,33,2025-11-10
M0131,4G_UNSTABLE,295,2,3527,73,moderate,472,221,166,2026-01-15
M0132,4G_GOOD,94,0.1,8988,93,stable,141,71,241,2026-02-15
M0133,3G_POOR,757,2.6,676,46,unstable,1060,568,68,2026-02-15
M0134,4G_GOOD,116,0.3,7934,90,stable,174,87,337,2026-03-01
M0135,4G_UNSTABLE,331,2.3,4232,69,moderate,530,248,149,2026-02-15
M0136,3G_POOR,857,3.9,760,41,unstable,1200,643,141,2025-12-20
M0137,4G_GOOD,118,0.2,6570,97,stable,177,89,308,2025-12-01
M0138,4G_GOOD,91,0.2,9323,96,stable,137,68,559,2026-03-01
M0139,4G_UNSTABLE,390,1.7,3247,64,moderate,624,293,179,2025-12-10
M0140,4G_GOOD,121,0.4,7272,96,stable,182,91,211,2026-01-05
M0141,3G_POOR,793,3.1,770,43,unstable,1110,595,54,2026-02-01
M0142,2G_EDGE,1479,6.3,209,25,poor,1997,1109,55,2026-01-15
M0143,4G_GOOD,101,0.2,9429,86,stable,152,76,541,2026-01-15
M0144,4G_GOOD,95,0.1,8017,93,stable,143,71,553,2026-01-05
M0145,4G_UNSTABLE,289,1.5,3591,72,moderate,462,217,136,2026-02-01
M0146,4G_UNSTABLE,279,1.5,4324,73,moderate,446,209,274,2025-11-20
M0147,2G_EDGE,1776,5.1,156,22,poor,2398,1332,25,2025-12-10
M0148,3G_POOR,841,3,836,39,unstable,1177,631,103,2025-12-01
M0149,4G_GOOD,125,0.4,6626,92,stable,188,94,370,2026-02-15
M0150,4G_GOOD,116,0.4,8580,88,stable,174,87,336,2026-02-15
M0151,4G_GOOD,98,0.2,6062,86,stable,147,74,584,2025-11-15
M0152,2G_EDGE,1535,5.5,170,26,poor,2072,1151,22,2026-02-01
M0153,3G_POOR,753,3.2,925,44,unstable,1054,565,112,2025-12-20
M0154,2G_EDGE,1743,6.1,217,31,poor,2353,1307,40,2025-11-15
M0155,3G_POOR,729,3.4,658,51,unstable,1021,547,118,2025-12-20
M0156,2G_EDGE,1646,6.2,178,24,poor,2222,1235,35,2026-01-05
M0157,4G_GOOD,82,0.3,6997,88,stable,123,62,332,2026-03-01
M0158,3G_POOR,772,3.6,935,52,unstable,1081,579,77,2025-11-10
M0159,4G_UNSTABLE,367,1.9,4588,67,moderate,587,275,136,2025-11-15
M0160,2G_EDGE,1796,6.4,193,30,poor,2425,1347,47,2025-11-15
M0161,3G_POOR,785,3.7,976,51,unstable,1099,589,63,2026-02-01
M0162,4G_UNSTABLE,278,1.9,4761,71,moderate,445,209,117,2025-11-20
M0163,4G_GOOD,103,0.2,5187,88,stable,155,77,384,2025-12-01
M0164,4G_GOOD,116,0.4,6668,90,stable,174,87,277,2025-12-01
M0165,4G_UNSTABLE,281,2.4,4346,64,moderate,450,211,171,2025-12-20
M0166,4G_UNSTABLE,331,1.5,4566,73,moderate,530,248,121,2025-12-20
M0167,4G_UNSTABLE,310,2.3,4690,66,moderate,496,233,197,2025-12-01
M0168,4G_GOOD,117,0.3,5895,88,stable,176,88,592,2025-12-20
M0169,4G_GOOD,125,0.4,7929,96,stable,188,94,234,2026-02-15
M0170,4G_UNSTABLE,360,2.4,3673,69,moderate,576,270,260,2026-02-15
M0171,4G_UNSTABLE,358,2.1,4853,72,moderate,573,269,248,2025-11-20
M0172,4G_GOOD,113,0.4,5044,91,stable,170,85,506,2026-01-15
M0173,3G_POOR,850,3.6,674,48,unstable,1190,638,109,2026-02-01
M0174,4G_GOOD,100,0.2,7181,97,stable,150,75,342,2025-11-20
M0175,4G_GOOD,84,0.5,7417,86,stable,126,63,506,2025-11-10
M0176,4G_GOOD,125,0.1,7327,89,stable,188,94,573,2026-01-15
M0177,4G_GOOD,113,0.5,9485,90,stable,170,85,246,2026-01-15
M0178,2G_EDGE,1451,5.9,181,24,poor,1959,1088,53,2026-01-05
M0179,4G_UNSTABLE,369,2.5,3119,69,moderate,590,277,155,2026-02-15
M0180,4G_GOOD,94,0.4,9713,92,stable,141,71,494,2026-02-15
M0181,4G_GOOD,110,0.1,9421,96,stable,165,83,488,2026-02-15
M0182,4G_UNSTABLE,315,1.5,4135,70,moderate,504,236,260,2026-03-01
M0183,4G_GOOD,91,0.3,7011,86,stable,137,68,596,2025-12-10
M0184,4G_UNSTABLE,386,2.2,4730,71,moderate,618,290,233,2025-11-15
M0185,3G_POOR,833,3.6,743,41,unstable,1166,625,141,2026-01-05
M0186,4G_UNSTABLE,310,1.9,4080,65,moderate,496,233,143,2026-02-15
M0187,4G_GOOD,130,0.4,8666,91,stable,195,98,557,2026-01-05
M0188,3G_POOR,896,3.6,761,44,unstable,1254,672,105,2025-12-10
M0189,4G_UNSTABLE,263,1.6,4549,67,moderate,421,197,159,2026-01-05
M0190,4G_GOOD,113,0.3,9927,91,stable,170,85,424,2026-01-15
M0191,3G_POOR,866,3.9,667,44,unstable,1212,650,104,2026-02-15
M0192,4G_UNSTABLE,253,1.8,3947,63,moderate,405,190,122,2026-02-01
M0193,3G_POOR,843,3.9,808,49,unstable,1180,632,112,2025-11-20
M0194,4G_GOOD,119,0.4,9823,94,stable,179,89,583,2026-03-01
M0195,4G_GOOD,87,0.5,6408,88,stable,131,65,368,2026-01-05
M0196,4G_GOOD,97,0.5,5107,88,stable,146,73,248,2025-12-01
M0197,4G_GOOD,125,0.2,8098,94,stable,188,94,545,2026-02-01
M0198,3G_POOR,864,2.6,953,47,unstable,1210,648,125,2025-11-15
M0199,4G_GOOD,116,0.4,8726,89,stable,174,87,367,2026-02-01
M0200,3G_POOR,744,3.5,795,46,unstable,1042,558,139,2025-11-15
M0201,4G_UNSTABLE,277,1.7,3399,66,moderate,443,208,184,2026-02-01
M0202,4G_UNSTABLE,341,1.9,4522,72,moderate,546,256,140,2025-12-10
M0203,4G_UNSTABLE,341,1.6,3711,70,moderate,546,256,106,2025-11-10
M0204,3G_POOR,838,2.7,934,47,unstable,1173,629,124,2025-12-10
M0205,3G_POOR,878,3.7,753,46,unstable,1229,659,100,2025-11-20
M0206,4G_UNSTABLE,339,2.1,4855,64,moderate,542,254,225,2026-02-01
M0207,4G_UNSTABLE,378,1.8,3289,71,moderate,605,284,204,2025-12-01
M0208,4G_UNSTABLE,253,1.5,4285,66,moderate,405,190,239,2026-01-15
M0209,3G_POOR,727,3.5,818,44,unstable,1018,545,106,2025-11-20
M0210,4G_UNSTABLE,274,1.8,3580,74,moderate,438,206,177,2026-03-01
M0211,4G_GOOD,111,0.4,8912,89,stable,167,83,204,2026-02-15
M0212,3G_POOR,743,2.7,654,46,unstable,1040,557,110,2026-01-15
M0213,4G_GOOD,108,0.4,6267,85,stable,162,81,208,2025-12-01
M0214,4G_UNSTABLE,337,2.1,3128,62,moderate,539,253,105,2026-01-05
M0215,4G_GOOD,98,0.2,6153,92,stable,147,74,230,2025-12-01
M0216,4G_UNSTABLE,350,2.5,3487,67,moderate,560,263,170,2025-12-10
M0217,4G_UNSTABLE,338,1.9,3440,61,moderate,541,254,233,2025-12-01
M0218,4G_UNSTABLE,381,2,4874,72,moderate,610,286,267,2026-02-01
M0219,4G_UNSTABLE,329,2.1,4369,73,moderate,526,247,146,2026-01-15
M0220,3G_POOR,809,2.5,955,45,unstable,1133,607,124,2025-11-15
M0221,4G_GOOD,89,0.3,6887,93,stable,134,67,263,2026-03-01
M0222,4G_UNSTABLE,384,2.3,4263,73,moderate,614,288,112,2026-02-15
M0223,4G_UNSTABLE,371,1.9,3726,68,moderate,594,278,197,2026-01-05
M0224,4G_UNSTABLE,300,1.5,4636,61,moderate,480,225,161,2026-01-15
M0225,4G_GOOD,105,0.3,9615,85,stable,158,79,230,2026-01-15
M0226,3G_POOR,757,2.7,989,50,unstable,1060,568,126,2026-01-05
M0227,2G_EDGE,1783,5.4,180,27,poor,2407,1337,42,2025-11-15
M0228,4G_UNSTABLE,341,1.7,4636,70,moderate,546,256,107,2025-12-20
M0229,3G_POOR,725,4,610,52,unstable,1015,544,71,2026-03-01
M0230,4G_GOOD,119,0.3,5544,87,stable,179,89,538,2026-02-15
M0231,4G_UNSTABLE,339,2.5,4782,67,moderate,542,254,289,2025-11-15
M0232,4G_UNSTABLE,396,1.9,4330,63,moderate,634,297,236,2026-03-01
M0233,4G_GOOD,112,0.4,5414,88,stable,168,84,414,2025-12-20
M0234,3G_POOR,764,2.9,788,46,unstable,1070,573,125,2025-11-20
M0235,2G_EDGE,1699,5.6,217,28,poor,2294,1274,36,2025-12-20
M0236,4G_UNSTABLE,374,2.5,3610,70,moderate,598,281,246,2026-03-01
M0237,2G_EDGE,1695,5.2,201,21,poor,2288,1271,25,2025-12-01
M0238,4G_GOOD,116,0.1,8331,87,stable,174,87,555,2025-12-20
M0239,3G_POOR,831,3.3,930,52,unstable,1163,623,86,2025-11-10
M0240,3G_POOR,798,3.2,733,42,unstable,1117,599,111,2026-03-01
M0241,4G_GOOD,83,0.3,9575,94,stable,125,62,420,2025-11-20
M0242,4G_GOOD,102,0.4,5953,97,stable,153,77,551,2025-11-15
M0243,4G_UNSTABLE,263,2.5,4075,71,moderate,421,197,230,2025-11-10
M0244,3G_POOR,703,3.6,984,43,unstable,984,527,113,2026-02-15
M0245,3G_POOR,803,3.4,852,41,unstable,1124,602,69,2025-11-10
M0246,3G_POOR,706,3.8,815,50,unstable,988,530,134,2025-11-15
M0247,4G_GOOD,95,0.3,8572,93,stable,143,71,233,2025-11-10
M0248,4G_UNSTABLE,368,1.8,3376,71,moderate,589,276,115,2025-11-15
M0249,4G_GOOD,128,0.2,7725,89,stable,192,96,339,2025-11-10
M0250,3G_POOR,774,3.3,990,46,unstable,1084,581,92,2025-11-20
M0251,3G_POOR,850,3,705,52,unstable,1190,638,71,2025-12-20
M0252,4G_GOOD,128,0.2,7038,96,stable,192,96,477,2026-03-01
M0253,4G_GOOD,117,0.1,8070,97,stable,176,88,443,2025-11-10
M0254,3G_POOR,833,3.6,728,46,unstable,1166,625,69,2026-02-01
M0255,3G_POOR,714,2.8,896,50,unstable,1000,536,141,2025-12-01
M0256,4G_GOOD,91,0.1,9536,94,stable,137,68,328,2026-01-05
M0257,3G_POOR,806,2.8,837,48,unstable,1128,605,80,2026-02-01
M0258,2G_EDGE,1602,6.9,172,27,poor,2163,1202,28,2025-12-10
M0259,4G_UNSTABLE,399,2.4,4333,67,moderate,638,299,249,2025-11-10
M0260,4G_UNSTABLE,250,1.7,3336,65,moderate,400,188,104,2025-11-20
M0261,4G_GOOD,88,0.3,7177,90,stable,132,66,479,2026-01-05
M0262,4G_GOOD,104,0.2,6708,94,stable,156,78,290,2025-11-10
M0263,3G_POOR,840,3.6,983,51,unstable,1176,630,96,2026-01-15
M0264,4G_UNSTABLE,292,1.5,4147,60,moderate,467,219,288,2025-11-10
M0265,4G_GOOD,85,0.3,8188,92,stable,128,64,387,2025-12-01
M0266,4G_GOOD,86,0.4,8708,86,stable,129,65,275,2025-12-01
M0267,2G_EDGE,1599,5.8,191,25,poor,2159,1199,37,2025-11-10
M0268,3G_POOR,897,3.1,772,47,unstable,1256,673,109,2026-03-01
M0269,4G_UNSTABLE,303,2.5,4650,63,moderate,485,227,105,2025-12-20
M0270,4G_UNSTABLE,268,1.6,4297,74,moderate,429,201,239,2026-02-01
M0271,2G_EDGE,1672,6.3,202,32,poor,2257,1254,28,2025-11-15
M0272,4G_GOOD,102,0.4,9740,94,stable,153,77,374,2025-12-20
M0273,2G_EDGE,1518,5.1,150,23,poor,2049,1139,30,2026-01-05
M0274,4G_UNSTABLE,269,1.8,3519,62,moderate,430,202,163,2026-02-01
M0275,4G_UNSTABLE,343,2.4,4150,61,moderate,549,257,202,2026-01-15
M0276,4G_GOOD,93,0.1,7469,97,stable,140,70,314,2025-11-20
M0277,4G_GOOD,87,0.4,8901,92,stable,131,65,282,2026-02-15
M0278,4G_GOOD,114,0.3,5934,86,stable,171,86,319,2026-03-01
M0279,4G_GOOD,121,0.4,5692,92,stable,182,91,330,2026-01-05
M0280,4G_UNSTABLE,269,2.4,4219,73,moderate,430,202,114,2026-01-15
M0281,4G_GOOD,118,0.3,7013,90,stable,177,89,287,2026-01-15
M0282,2G_EDGE,1708,5.9,190,31,poor,2306,1281,29,2025-12-20
M0283,4G_GOOD,106,0.5,8847,91,stable,159,80,600,2026-01-05
M0284,4G_GOOD,82,0.4,8469,91,stable,123,62,325,2025-12-01
M0285,3G_POOR,777,2.8,605,45,unstable,1088,583,117,2025-12-01
M0286,4G_GOOD,98,0.1,5107,97,stable,147,74,294,2026-03-01
M0287,3G_POOR,843,2.7,883,43,unstable,1180,632,71,2026-02-15
M0288,4G_GOOD,91,0.2,9342,87,stable,137,68,316,2026-02-01
M0289,3G_POOR,876,2.9,864,38,unstable,1226,657,74,2026-02-01
M0290,4G_GOOD,82,0.3,6470,88,stable,123,62,234,2026-01-15
M0291,4G_UNSTABLE,264,2.4,3047,68,moderate,422,198,275,2026-01-15
M0292,4G_UNSTABLE,358,2,3940,72,moderate,573,269,244,2025-12-10
M0293,2G_EDGE,1638,6.1,217,20,poor,2211,1229,59,2026-01-15
M0294,4G_GOOD,91,0.2,7299,89,stable,137,68,416,2025-11-20
M0295,3G_POOR,723,3.5,657,46,unstable,1012,542,68,2026-01-15
M0296,4G_UNSTABLE,390,1.6,3961,62,moderate,624,293,160,2025-12-01
M0297,4G_UNSTABLE,288,1.9,3552,66,moderate,461,216,134,2025-11-10
M0298,3G_POOR,771,3.5,992,41,unstable,1079,578,140,2025-11-10
M0299,2G_EDGE,1582,6.3,183,28,poor,2136,1187,31,2025-12-10
M0300,2G_EDGE,1776,5.1,203,28,poor,2398,1332,32,2025-11-10
M0301,4G_GOOD,92,0.5,6667,93,stable,138,69,204,2026-03-01
M0302,4G_GOOD,116,0.4,7673,87,stable,174,87,592,2025-11-10
M0303,4G_UNSTABLE,299,1.6,3815,66,moderate,478,224,143,2025-11-20
M0304,4G_GOOD,112,0.2,8133,94,stable,168,84,481,2026-02-01
M0305,4G_UNSTABLE,316,1.5,4207,74,moderate,506,237,155,2025-12-01
M0306,3G_POOR,714,3.9,640,45,unstable,1000,536,74,2025-11-20
M0307,4G_GOOD,127,0.4,8391,95,stable,191,95,485,2026-02-15
M0308,4G_GOOD,88,0.3,6071,95,stable,132,66,571,2026-03-01
M0309,4G_GOOD,125,0.2,7299,92,stable,188,94,516,2025-11-20
M0310,4G_GOOD,125,0.4,8359,89,stable,188,94,375,2026-01-05
M0311,2G_EDGE,1663,6.1,213,28,poor,2245,1247,30,2025-11-20
M0312,4G_GOOD,103,0.4,8755,95,stable,155,77,301,2025-11-15
M0313,4G_GOOD,96,0.1,5328,92,stable,144,72,582,2025-11-20
M0314,4G_UNSTABLE,312,1.8,4596,60,moderate,499,234,247,2025-12-10
M0315,4G_UNSTABLE,286,1.7,4211,63,moderate,458,215,222,2025-12-01
M0316,3G_POOR,845,2.9,870,38,unstable,1183,634,53,2026-01-05
M0317,4G_UNSTABLE,353,2.1,4078,60,moderate,565,265,137,2025-11-20
M0318,3G_POOR,714,2.8,725,50,unstable,1000,536,132,2025-11-15
M0319,2G_EDGE,1623,5.8,162,28,poor,2191,1217,40,2026-02-01
M0320,3G_POOR,769,2.6,731,44,unstable,1077,577,81,2026-02-15
M0321,4G_GOOD,123,0.4,5914,95,stable,185,92,344,2026-02-01
M0322,4G_UNSTABLE,386,2.3,3717,72,moderate,618,290,229,2025-12-01
M0323,4G_UNSTABLE,321,2,3496,71,moderate,514,241,258,2026-02-01
M0324,4G_GOOD,115,0.2,5647,88,stable,173,86,435,2025-11-20
M0325,4G_UNSTABLE,286,2.3,4434,66,moderate,458,215,265,2025-12-20
M0326,2G_EDGE,1741,5.4,191,21,poor,2350,1306,42,2025-11-20
M0327,3G_POOR,835,3.1,800,39,unstable,1169,626,88,2026-02-01
M0328,2G_EDGE,1667,6.4,212,24,poor,2250,1250,47,2025-11-10
M0329,3G_POOR,870,3.9,795,51,unstable,1218,653,63,2026-02-15
M0330,2G_EDGE,1514,6.2,167,30,poor,2044,1136,21,2026-01-15
M0331,2G_EDGE,1433,6,208,31,poor,1935,1075,44,2025-12-20
M0332,4G_GOOD,92,0.4,8878,94,stable,138,69,566,2025-12-10
M0333,4G_GOOD,113,0.4,7854,92,stable,170,85,417,2026-03-01
M0334,3G_POOR,816,3,633,45,unstable,1142,612,94,2026-01-15
M0335,4G_UNSTABLE,329,1.6,3977,73,moderate,526,247,234,2025-12-01
M0336,3G_POOR,748,3,801,47,unstable,1047,561,139,2025-11-20
M0337,4G_UNSTABLE,381,1.9,3119,67,moderate,610,286,118,2025-11-15
M0338,2G_EDGE,1493,6.3,206,24,poor,2016,1120,35,2025-12-01
M0339,4G_UNSTABLE,377,1.7,4299,69,moderate,603,283,235,2025-11-10
M0340,2G_EDGE,1678,5.8,215,29,poor,2265,1259,21,2025-11-10
M0341,3G_POOR,734,3,753,46,unstable,1028,551,55,2025-12-20
M0342,3G_POOR,702,2.7,956,40,unstable,983,527,77,2025-12-10
M0343,3G_POOR,780,3.5,703,50,unstable,1092,585,141,2025-11-10
M0344,4G_UNSTABLE,268,2.3,3290,72,moderate,429,201,214,2025-11-20
M0345,4G_GOOD,128,0.5,9338,97,stable,192,96,326,2026-02-15
M0346,4G_GOOD,109,0.2,7983,96,stable,164,82,387,2025-11-20
M0347,3G_POOR,739,3.3,890,48,unstable,1035,554,143,2025-11-20
M0348,4G_GOOD,82,0.2,8180,92,stable,123,62,420,2025-12-20
M0349,4G_GOOD,111,0.1,7649,88,stable,167,83,280,2026-02-01
M0350,2G_EDGE,1787,6,194,26,poor,2412,1340,24,2026-01-05
M0351,4G_UNSTABLE,271,2.3,4062,62,moderate,434,203,285,2025-11-20
M0352,4G_GOOD,87,0.5,6133,88,stable,131,65,581,2025-12-01
M0353,4G_UNSTABLE,336,2.1,3498,67,moderate,538,252,290,2025-12-10
M0354,4G_GOOD,105,0.1,8659,97,stable,158,79,378,2025-12-10
M0355,4G_GOOD,99,0.3,5282,87,stable,149,74,431,2026-01-05
M0356,3G_POOR,803,3.5,649,47,unstable,1124,602,69,2026-01-05
M0357,4G_GOOD,122,0.3,7635,92,stable,183,92,391,2025-12-20
M0358,3G_POOR,796,2.9,606,50,unstable,1114,597,117,2025-11-10
M0359,4G_GOOD,122,0.3,9385,96,stable,183,92,436,2025-11-10
M0360,2G_EDGE,1415,5.3,193,26,poor,1910,1061,53,2025-11-20
M0361,4G_UNSTABLE,299,2.2,3191,60,moderate,478,224,158,2026-03-01
M0362,2G_EDGE,1545,6.2,214,29,poor,2086,1159,54,2025-11-15
M0363,4G_UNSTABLE,348,2.1,4234,67,moderate,557,261,258,2026-02-01
M0364,4G_UNSTABLE,353,2.4,4742,72,moderate,565,265,168,2025-11-10
M0365,4G_UNSTABLE,382,1.8,4832,69,moderate,611,287,130,2025-11-10
M0366,2G_EDGE,1442,6.8,154,30,poor,1947,1082,21,2026-01-15
M0367,4G_GOOD,104,0.4,6203,96,stable,156,78,254,2026-01-05
M0368,3G_POOR,889,3.5,636,45,unstable,1245,667,147,2026-01-05
M0369,3G_POOR,733,3.6,842,40,unstable,1026,550,92,2025-11-20
M0370,4G_GOOD,122,0.4,9149,92,stable,183,92,257,2025-11-10
M0371,4G_UNSTABLE,294,2.2,4241,66,moderate,470,221,106,2025-12-10
M0372,2G_EDGE,1547,5.4,182,32,poor,2088,1160,52,2025-12-10
M0373,4G_GOOD,100,0.4,6547,94,stable,150,75,449,2025-11-15
M0374,4G_GOOD,116,0.5,6079,89,stable,174,87,447,2025-11-10
M0375,3G_POOR,724,3.8,634,50,unstable,1014,543,75,2025-12-01
M0376,4G_UNSTABLE,321,1.7,3578,65,moderate,514,241,237,2026-03-01
M0377,4G_GOOD,127,0.4,6141,90,stable,191,95,560,2025-12-01
M0378,4G_GOOD,87,0.3,7561,87,stable,131,65,238,2025-11-20
M0379,3G_POOR,760,3.4,771,47,unstable,1064,570,68,2026-01-15
M0380,4G_GOOD,84,0.3,9231,90,stable,126,63,260,2025-11-15
M0381,4G_UNSTABLE,353,1.6,3221,70,moderate,565,265,165,2026-02-01
M0382,4G_UNSTABLE,286,2.2,4160,63,moderate,458,215,282,2025-12-10
M0383,4G_GOOD,87,0.2,5780,93,stable,131,65,573,2026-02-01
M0384,4G_GOOD,96,0.4,7167,98,stable,144,72,218,2025-11-20
M0385,4G_GOOD,125,0.2,7934,92,stable,188,94,244,2025-11-10
M0386,4G_GOOD,109,0.2,5103,96,stable,164,82,488,2025-12-20
M0387,4G_GOOD,109,0.2,7067,86,stable,164,82,255,2025-11-15
M0388,2G_EDGE,1736,5.9,163,31,poor,2344,1302,36,2026-03-01
M0389,4G_UNSTABLE,344,2.2,4909,73,moderate,550,258,200,2026-01-05
M0390,4G_GOOD,113,0.5,8848,86,stable,170,85,587,2026-01-05
M0391,2G_EDGE,1689,5.9,190,23,poor,2280,1267,39,2026-01-05
M0392,4G_UNSTABLE,339,2.3,4543,68,moderate,542,254,191,2025-11-10
M0393,2G_EDGE,1488,5.2,152,31,poor,2009,1116,35,2025-12-10
M0394,2G_EDGE,1684,6,185,20,poor,2273,1263,21,2025-12-20
M0395,4G_GOOD,114,0.4,6244,93,stable,171,86,495,2026-03-01
M0396,4G_GOOD,124,0.2,5892,89,stable,186,93,512,2026-02-01
M0397,4G_UNSTABLE,359,2.2,3282,67,moderate,574,269,290,2026-02-01
M0398,4G_UNSTABLE,395,1.6,4542,61,moderate,632,296,217,2025-11-15
M0399,4G_UNSTABLE,358,2.4,3897,75,moderate,573,269,110,2026-01-15
M0400,4G_GOOD,117,0.3,9018,87,stable,176,88,596,2026-01-15
M0401,4G_GOOD,116,0.4,5038,91,stable,174,87,295,2025-11-10
M0402,3G_POOR,819,2.6,607,42,unstable,1147,614,76,2026-01-05
M0403,4G_GOOD,82,0.3,9814,92,stable,123,62,320,2026-01-05
M0404,4G_GOOD,99,0.3,5552,94,stable,149,74,447,2025-12-10
M0405,4G_UNSTABLE,324,1.7,4090,70,moderate,518,243,205,2025-11-20
M0406,2G_EDGE,1520,7,169,30,poor,2052,1140,58,2026-02-15
M0407,3G_POOR,707,3.8,749,39,unstable,990,530,106,2026-02-15
M0408,4G_UNSTABLE,263,2,3859,73,moderate,421,197,296,2026-02-15
M0409,4G_UNSTABLE,261,2.3,4820,64,moderate,418,196,105,2025-12-10
M0410,4G_UNSTABLE,382,2.3,4860,72,moderate,611,287,295,2025-11-20
M0411,4G_GOOD,105,0.4,6545,91,stable,158,79,263,2026-01-15
M0412,4G_GOOD,92,0.2,6655,91,stable,138,69,548,2025-12-01
M0413,4G_UNSTABLE,269,2.3,4009,63,moderate,430,202,247,2026-02-01
M0414,4G_GOOD,120,0.4,9421,95,stable,180,90,306,2026-01-05
M0415,4G_UNSTABLE,348,1.7,4464,62,moderate,557,261,152,2025-12-20
M0416,3G_POOR,719,3.7,996,52,unstable,1007,539,72,2025-12-10
M0417,4G_GOOD,117,0.3,8953,96,stable,176,88,214,2026-02-01
M0418,4G_GOOD,87,0.3,6105,86,stable,131,65,406,2026-01-05
M0419,4G_UNSTABLE,274,2.4,3171,62,moderate,438,206,156,2025-11-20
M0420,2G_EDGE,1742,6.1,213,23,poor,2352,1307,43,2026-02-15
M0421,4G_GOOD,117,0.2,7054,88,stable,176,88,310,2025-11-20
M0422,2G_EDGE,1757,6.4,207,20,poor,2372,1318,36,2025-11-10
M0423,2G_EDGE,1402,6.9,164,25,poor,1893,1052,33,2026-03-01
M0424,4G_GOOD,114,0.2,6144,88,stable,171,86,215,2025-12-20
M0425,4G_UNSTABLE,316,1.7,4311,67,moderate,506,237,199,2026-03-01
M0426,3G_POOR,768,3.7,761,46,unstable,1075,576,58,2025-12-01
M0427,3G_POOR,863,3.1,861,38,unstable,1208,647,74,2025-12-01
M0428,4G_GOOD,124,0.2,9232,88,stable,186,93,516,2026-02-15
M0429,3G_POOR,898,4,634,46,unstable,1257,674,66,2026-03-01
M0430,2G_EDGE,1767,5.2,191,27,poor,2385,1325,37,2026-03-01
M0431,3G_POOR,798,3.5,972,39,unstable,1117,599,118,2025-12-01
M0432,4G_UNSTABLE,355,2.2,3444,66,moderate,568,266,143,2025-11-15
M0433,3G_POOR,813,2.8,794,38,unstable,1138,610,134,2026-02-15
M0434,4G_UNSTABLE,344,2,3688,73,moderate,550,258,117,2026-01-15
M0435,4G_GOOD,112,0.2,7202,98,stable,168,84,567,2026-01-05
M0436,3G_POOR,724,3.8,847,47,unstable,1014,543,118,2026-01-05
M0437,2G_EDGE,1743,5.7,216,20,poor,2353,1307,28,2025-12-20
M0438,3G_POOR,777,4,721,52,unstable,1088,583,63,2026-01-05
M0439,3G_POOR,754,2.5,779,41,unstable,1056,566,131,2025-12-10
M0440,3G_POOR,818,3.5,888,44,unstable,1145,614,128,2026-03-01
M0441,3G_POOR,896,3.1,904,49,unstable,1254,672,141,2026-01-05
M0442,4G_GOOD,100,0.4,8370,93,stable,150,75,331,2025-11-10
M0443,2G_EDGE,1642,5.2,184,21,poor,2217,1232,51,2025-12-20
M0444,2G_EDGE,1467,5.5,204,22,poor,1980,1100,58,2025-12-10
M0445,4G_UNSTABLE,307,2.3,4289,68,moderate,491,230,268,2026-01-15
M0446,4G_GOOD,93,0.5,5113,92,stable,140,70,204,2026-03-01
M0447,4G_UNSTABLE,355,2.2,3319,74,moderate,568,266,271,2025-12-20
M0448,2G_EDGE,1404,5.9,171,28,poor,1895,1053,33,2025-12-20
M0449,4G_UNSTABLE,351,1.7,3982,71,moderate,562,263,187,2026-02-15
M0450,4G_GOOD,125,0.4,5241,90,stable,188,94,416,2026-02-01
M0451,3G_POOR,883,3.4,787,39,unstable,1236,662,115,2025-11-15
M0452,3G_POOR,872,3.5,690,40,unstable,1221,654,122,2025-11-10
M0453,3G_POOR,768,3.6,604,38,unstable,1075,576,101,2026-03-01
M0454,4G_UNSTABLE,376,1.9,3103,62,moderate,602,282,208,2025-12-20
M0455,4G_GOOD,127,0.5,9922,95,stable,191,95,361,2025-12-01
M0456,3G_POOR,853,3.8,633,40,unstable,1194,640,141,2025-12-01
M0457,3G_POOR,785,2.7,894,39,unstable,1099,589,119,2025-12-10
M0458,4G_GOOD,99,0.4,6315,89,stable,149,74,483,2025-12-10
M0459,4G_GOOD,84,0.5,5320,97,stable,126,63,383,2025-12-20
M0460,3G_POOR,735,3.8,883,48,unstable,1029,551,68,2026-03-01
M0461,4G_UNSTABLE,397,2,3231,62,moderate,635,298,294,2025-11-10
M0462,4G_GOOD,116,0.3,5876,97,stable,174,87,361,2025-11-15
M0463,4G_UNSTABLE,388,2.3,3095,63,moderate,621,291,292,2025-11-20
M0464,3G_POOR,725,2.6,910,44,unstable,1015,544,118,2025-11-10
M0465,4G_GOOD,93,0.4,8373,93,stable,140,70,310,2026-03-01
M0466,3G_POOR,833,3,923,43,unstable,1166,625,84,2026-01-15
M0467,4G_UNSTABLE,355,1.8,3347,70,moderate,568,266,169,2026-01-05
M0468,3G_POOR,835,3.7,990,41,unstable,1169,626,97,2026-03-01
M0469,3G_POOR,777,2.8,956,46,unstable,1088,583,116,2026-02-15
M0470,3G_POOR,757,3.2,662,41,unstable,1060,568,89,2026-01-15
M0471,4G_GOOD,84,0.4,7906,98,stable,126,63,301,2026-02-15
M0472,4G_GOOD,112,0.4,5252,95,stable,168,84,303,2026-01-05
M0473,3G_POOR,784,3.2,643,48,unstable,1098,588,67,2026-02-01
M0474,4G_GOOD,82,0.1,7241,86,stable,123,62,253,2025-12-10
M0475,4G_GOOD,90,0.4,6541,96,stable,135,68,376,2025-11-10
M0476,4G_GOOD,114,0.1,9554,90,stable,171,86,486,2026-02-15
M0477,4G_GOOD,127,0.5,9312,88,stable,191,95,348,2025-11-20
M0478,4G_UNSTABLE,358,2.1,3963,69,moderate,573,269,126,2026-02-15
M0479,4G_UNSTABLE,285,1.9,3847,67,moderate,456,214,176,2025-12-20
M0480,2G_EDGE,1401,6.2,173,29,poor,1891,1051,53,2026-02-15
M0481,3G_POOR,837,3.3,634,44,unstable,1172,628,107,2025-12-20
M0482,4G_UNSTABLE,274,1.8,4426,61,moderate,438,206,284,2025-12-20
M0483,4G_GOOD,92,0.1,5897,96,stable,138,69,504,2025-11-15
M0484,2G_EDGE,1461,6.6,173,22,poor,1972,1096,52,2026-02-01
M0485,4G_GOOD,96,0.1,6403,86,stable,144,72,345,2026-02-15
M0486,2G_EDGE,1757,6.8,156,21,poor,2372,1318,40,2025-12-20
M0487,4G_UNSTABLE,304,2.3,4554,71,moderate,486,228,118,2025-12-20
M0488,2G_EDGE,1475,6.1,207,21,poor,1991,1106,24,2025-11-10
M0489,3G_POOR,706,3.2,780,42,unstable,988,530,75,2026-03-01
M0490,4G_GOOD,129,0.3,8761,87,stable,194,97,566,2026-02-15
M0491,4G_GOOD,107,0.3,5050,87,stable,161,80,568,2026-02-15
M0492,4G_UNSTABLE,357,1.5,3286,66,moderate,571,268,162,2025-12-10
M0493,4G_UNSTABLE,396,1.5,4575,74,moderate,634,297,273,2026-03-01
M0494,4G_GOOD,105,0.4,7235,89,stable,158,79,231,2025-12-10
M0495,4G_GOOD,127,0.2,9053,88,stable,191,95,345,2026-02-01
M0496,4G_GOOD,94,0.3,9646,97,stable,141,71,558,2026-01-05
M0497,4G_GOOD,126,0.3,7484,91,stable,189,95,509,2026-03-01
M0498,4G_UNSTABLE,305,1.5,4142,72,moderate,488,229,146,2026-01-05
M0499,4G_GOOD,123,0.1,9557,94,stable,185,92,520,2026-01-15
M0500,3G_POOR,806,4,717,39,unstable,1128,605,131,2026-02-01
M0501,3G_POOR,728,3.9,832,49,unstable,1019,546,86,2025-11-20
M0502,4G_UNSTABLE,307,2.2,3603,73,moderate,491,230,126,2026-01-05
M0503,4G_GOOD,100,0.2,9996,91,stable,150,75,354,2026-02-01
M0504,3G_POOR,797,3.8,798,40,unstable,1116,598,125,2026-03-01
M0505,3G_POOR,787,3.9,791,40,unstable,1102,590,69,2026-02-01
M0506,3G_POOR,891,3.8,706,45,unstable,1247,668,147,2026-01-05
M0507,4G_UNSTABLE,261,1.8,4254,72,moderate,418,196,173,2026-02-15
M0508,4G_GOOD,88,0.2,6327,95,stable,132,66,507,2025-12-20
M0509,2G_EDGE,1719,6,208,29,poor,2321,1289,31,2025-12-10
M0510,3G_POOR,706,2.7,607,39,unstable,988,530,127,2026-02-15
M0511,4G_UNSTABLE,299,1.8,3790,70,moderate,478,224,296,2026-01-05
M0512,4G_GOOD,121,0.3,9877,92,stable,182,91,512,2026-02-15
M0513,4G_UNSTABLE,272,2.4,4027,69,moderate,435,204,243,2026-02-15
M0514,3G_POOR,789,3.9,632,40,unstable,1105,592,116,2025-12-10
M0515,2G_EDGE,1429,6.6,163,23,poor,1929,1072,43,2025-11-15
M0516,2G_EDGE,1569,5.2,200,20,poor,2118,1177,36,2025-11-15
M0517,3G_POOR,867,3.3,800,48,unstable,1214,650,63,2026-01-05
M0518,4G_GOOD,93,0.4,5611,86,stable,140,70,320,2025-12-10
M0519,4G_GOOD,101,0.1,9323,93,stable,152,76,323,2026-01-05
M0520,4G_UNSTABLE,392,2.4,3263,64,moderate,627,294,114,2025-12-10
M0521,4G_GOOD,109,0.4,9991,88,stable,164,82,232,2025-11-20
M0522,2G_EDGE,1771,6,219,24,poor,2391,1328,21,2025-11-20
M0523,4G_GOOD,119,0.2,6585,88,stable,179,89,301,2025-11-15
M0524,4G_GOOD,104,0.4,9213,91,stable,156,78,214,2025-11-15
M0525,4G_GOOD,122,0.1,5557,94,stable,183,92,340,2025-12-20
M0526,4G_GOOD,110,0.5,9706,90,stable,165,83,243,2025-12-01
M0527,2G_EDGE,1450,6.7,212,23,poor,1958,1088,55,2026-01-15
M0528,4G_GOOD,102,0.2,5519,90,stable,153,77,492,2025-11-10
M0529,4G_GOOD,120,0.3,8615,87,stable,180,90,543,2026-02-01
M0530,2G_EDGE,1727,6.2,191,26,poor,2331,1295,35,2026-03-01
M0531,4G_GOOD,111,0.5,8482,85,stable,167,83,452,2026-01-05
M0532,4G_UNSTABLE,351,1.8,4914,72,moderate,562,263,155,2025-12-01
M0533,4G_GOOD,109,0.3,8495,89,stable,164,82,228,2025-12-01
M0534,3G_POOR,805,3.3,879,50,unstable,1127,604,143,2026-01-05
M0535,2G_EDGE,1542,5.8,168,29,poor,2082,1157,41,2025-12-01
M0536,2G_EDGE,1596,6.3,152,21,poor,2155,1197,51,2025-12-10
M0537,3G_POOR,715,3.6,821,47,unstable,1001,536,80,2025-11-20
M0538,2G_EDGE,1538,5.1,197,25,poor,2076,1154,50,2025-11-10
M0539,3G_POOR,742,2.6,817,41,unstable,1039,557,130,2026-01-15
M0540,4G_GOOD,81,0.4,9295,96,stable,122,61,573,2026-02-01
M0541,4G_GOOD,100,0.3,6691,94,stable,150,75,432,2025-12-01
M0542,3G_POOR,719,2.9,854,46,unstable,1007,539,84,2026-02-01
M0543,2G_EDGE,1515,5.3,186,32,poor,2045,1136,46,2026-01-05
M0544,4G_GOOD,98,0.3,5327,86,stable,147,74,422,2026-01-15
M0545,4G_GOOD,123,0.3,9689,89,stable,185,92,405,2026-03-01
M0546,3G_POOR,750,2.9,743,40,unstable,1050,563,80,2026-02-01
M0547,4G_UNSTABLE,355,1.7,4408,61,moderate,568,266,208,2026-02-01
M0548,4G_UNSTABLE,297,2.2,4226,71,moderate,475,223,162,2025-11-15
M0549,4G_GOOD,81,0.2,7666,96,stable,122,61,347,2025-11-10
M0550,3G_POOR,747,3.9,969,39,unstable,1046,560,75,2025-11-15
M0551,4G_UNSTABLE,273,1.9,4018,73,moderate,437,205,243,2026-02-15
M0552,3G_POOR,882,2.5,785,42,unstable,1235,662,131,2026-01-15
M0553,4G_UNSTABLE,390,1.9,4285,62,moderate,624,293,262,2026-01-05
M0554,4G_UNSTABLE,354,2.2,3128,60,moderate,566,266,156,2025-12-01
M0555,2G_EDGE,1504,5.2,173,26,poor,2030,1128,25,2025-12-01
M0556,4G_UNSTABLE,368,2.1,3790,66,moderate,589,276,236,2025-12-20
M0557,4G_UNSTABLE,282,2.3,4385,70,moderate,451,212,111,2026-02-01
M0558,4G_GOOD,91,0.3,5133,95,stable,137,68,397,2026-03-01
M0559,4G_GOOD,100,0.2,9105,98,stable,150,75,432,2025-12-20
M0560,3G_POOR,733,3.8,997,46,unstable,1026,550,137,2026-02-15
M0561,2G_EDGE,1458,6.9,185,30,poor,1968,1094,22,2025-12-20
M0562,4G_GOOD,91,0.4,5105,86,stable,137,68,222,2025-11-15
M0563,2G_EDGE,1675,6.2,160,20,poor,2261,1256,33,2025-12-20
M0564,4G_GOOD,82,0.5,8503,92,stable,123,62,521,2026-01-05
M0565,4G_GOOD,123,0.5,8702,97,stable,185,92,476,2026-01-05
M0566,4G_GOOD,116,0.4,6265,94,stable,174,87,223,2026-01-05
M0567,4G_GOOD,115,0.5,9644,93,stable,173,86,590,2025-12-20
M0568,4G_UNSTABLE,322,2.1,3090,61,moderate,515,242,255,2025-11-20
M0569,3G_POOR,750,2.7,694,49,unstable,1050,563,148,2025-11-15
M0570,3G_POOR,777,3.5,803,38,unstable,1088,583,81,2026-02-01
M0571,4G_GOOD,111,0.4,5052,88,stable,167,83,207,2025-12-20
M0572,3G_POOR,899,2.6,705,42,unstable,1259,674,56,2026-03-01
M0573,3G_POOR,767,3.4,792,49,unstable,1074,575,59,2026-03-01
M0574,3G_POOR,867,2.7,725,43,unstable,1214,650,120,2025-11-15
M0575,4G_UNSTABLE,287,2.2,3163,66,moderate,459,215,286,2026-02-01
M0576,3G_POOR,862,2.8,647,47,unstable,1207,647,73,2025-11-20
M0577,4G_UNSTABLE,262,2.4,3520,73,moderate,419,197,222,2025-11-10
M0578,4G_GOOD,113,0.2,6612,86,stable,170,85,476,2026-01-05
M0579,4G_UNSTABLE,296,2,4902,61,moderate,474,222,127,2026-01-15
M0580,4G_UNSTABLE,256,2,4586,74,moderate,410,192,237,2026-02-15
M0581,2G_EDGE,1725,5.5,171,22,poor,2329,1294,26,2026-02-15
M0582,4G_UNSTABLE,377,1.5,3104,74,moderate,603,283,201,2025-11-10
M0583,4G_UNSTABLE,253,2.3,4978,67,moderate,405,190,116,2025-12-20
M0584,4G_GOOD,108,0.1,7184,87,stable,162,81,334,2026-02-15
M0585,4G_UNSTABLE,337,1.7,4736,62,moderate,539,253,218,2025-11-10
M0586,4G_GOOD,99,0.4,5897,89,stable,149,74,483,2026-01-05
M0587,4G_UNSTABLE,324,2.2,3670,70,moderate,518,243,192,2026-01-15
M0588,4G_UNSTABLE,280,1.8,3412,65,moderate,448,210,272,2025-12-10
M0589,4G_UNSTABLE,324,2.1,4627,65,moderate,518,243,179,2025-11-15
M0590,4G_GOOD,87,0.3,5231,91,stable,131,65,306,2025-12-01
M0591,2G_EDGE,1573,6.7,175,31,poor,2124,1180,33,2025-11-10
M0592,3G_POOR,727,2.7,938,40,unstable,1018,545,86,2026-02-15
M0593,4G_UNSTABLE,304,2,4196,68,moderate,486,228,112,2026-01-05
M0594,4G_UNSTABLE,396,1.9,4113,63,moderate,634,297,264,2026-01-05
M0595,4G_GOOD,123,0.4,8249,93,stable,185,92,316,2025-11-20
M0596,4G_UNSTABLE,335,2.4,3836,69,moderate,536,251,136,2025-11-20
M0597,3G_POOR,822,3.1,670,46,unstable,1151,617,86,2026-01-15
M0598,4G_UNSTABLE,352,2.1,4604,65,moderate,563,264,264,2026-02-15
M0599,4G_GOOD,120,0.3,8565,95,stable,180,90,312,2025-12-01
M0600,4G_UNSTABLE,361,1.9,3214,62,moderate,578,271,259,2025-11-20
M0601,4G_UNSTABLE,286,2.3,4297,62,moderate,458,215,248,2025-12-10
M0602,4G_GOOD,103,0.4,5038,98,stable,155,77,230,2025-11-20
M0603,4G_GOOD,111,0.5,8118,90,stable,167,83,283,2025-12-10
M0604,4G_GOOD,82,0.2,7794,91,stable,123,62,289,2025-12-01
M0605,4G_UNSTABLE,326,1.8,3844,69,moderate,522,245,297,2026-02-15
M0606,2G_EDGE,1656,6.1,201,28,poor,2236,1242,37,2026-01-15
M0607,3G_POOR,702,3.2,659,44,unstable,983,527,99,2025-12-20
M0608,4G_UNSTABLE,290,2.2,3545,64,moderate,464,218,219,2026-01-05
M0609,2G_EDGE,1480,6.1,162,23,poor,1998,1110,22,2025-11-20
M0610,4G_GOOD,84,0.5,8580,96,stable,126,63,520,2026-03-01
M0611,4G_UNSTABLE,307,1.6,4408,70,moderate,491,230,299,2025-11-15
M0612,4G_GOOD,98,0.3,8955,92,stable,147,74,301,2026-02-01
M0613,2G_EDGE,1470,6.9,194,30,poor,1985,1103,42,2026-03-01
M0614,4G_UNSTABLE,397,1.6,3887,69,moderate,635,298,239,2025-11-20
M0615,3G_POOR,763,3.3,662,46,unstable,1068,572,120,2025-11-10
M0616,3G_POOR,883,2.6,696,40,unstable,1236,662,50,2026-02-01
M0617,3G_POOR,897,2.8,770,45,unstable,1256,673,126,2025-11-15
M0618,4G_UNSTABLE,324,2.1,3975,73,moderate,518,243,253,2025-12-20
M0619,4G_GOOD,109,0.2,6580,94,stable,164,82,505,2025-11-20
M0620,2G_EDGE,1610,6.7,156,30,poor,2174,1208,22,2025-11-15
M0621,4G_UNSTABLE,395,2,4200,71,moderate,632,296,236,2026-01-15
M0622,4G_GOOD,109,0.2,9694,92,stable,164,82,587,2026-02-01
M0623,4G_UNSTABLE,380,1.9,4487,72,moderate,608,285,107,2026-02-01
M0624,3G_POOR,774,2.6,638,44,unstable,1084,581,95,2026-02-01
M0625,3G_POOR,713,3.4,686,51,unstable,998,535,66,2025-11-20
M0626,4G_GOOD,129,0.1,7037,90,stable,194,97,283,2025-11-20
M0627,4G_GOOD,122,0.5,6768,91,stable,183,92,510,2026-01-05
M0628,2G_EDGE,1697,6.4,193,28,poor,2291,1273,40,2026-01-15
M0629,4G_UNSTABLE,278,1.6,3180,67,moderate,445,209,159,2025-12-01
M0630,4G_UNSTABLE,306,2.1,3646,72,moderate,490,230,219,2025-11-15
M0631,3G_POOR,884,2.9,714,39,unstable,1238,663,105,2025-11-15
M0632,3G_POOR,864,3.4,681,44,unstable,1210,648,134,2025-12-10
M0633,3G_POOR,743,3.4,854,44,unstable,1040,557,85,2025-12-20
M0634,2G_EDGE,1469,7,190,32,poor,1983,1102,50,2026-01-15
M0635,4G_GOOD,114,0.2,8994,88,stable,171,86,500,2025-11-15
M0636,4G_UNSTABLE,340,1.6,4945,64,moderate,544,255,184,2026-01-15
M0637,4G_UNSTABLE,256,1.6,3998,70,moderate,410,192,195,2025-11-20
M0638,4G_UNSTABLE,356,2.2,4909,70,moderate,570,267,251,2025-12-20
M0639,4G_GOOD,90,0.2,8758,95,stable,135,68,292,2026-01-05
M0640,3G_POOR,891,3.8,674,48,unstable,1247,668,129,2025-11-20
M0641,3G_POOR,700,3.2,623,48,unstable,980,525,134,2025-12-20
M0642,3G_POOR,713,4,693,41,unstable,998,535,103,2026-02-01
M0643,3G_POOR,727,3.9,961,44,unstable,1018,545,100,2025-12-01
M0644,4G_UNSTABLE,367,2.2,3930,72,moderate,587,275,183,2026-02-01
M0645,4G_UNSTABLE,312,1.9,4294,69,moderate,499,234,140,2025-12-10
M0646,2G_EDGE,1571,6.4,153,24,poor,2121,1178,25,2025-12-20
M0647,4G_UNSTABLE,315,2.1,4827,65,moderate,504,236,194,2026-03-01
M0648,2G_EDGE,1710,5.9,171,21,poor,2309,1283,27,2025-11-20
M0649,4G_UNSTABLE,397,2.1,4110,67,moderate,635,298,253,2025-11-10
M0650,4G_GOOD,117,0.2,9785,94,stable,176,88,396,2025-11-10
M0651,3G_POOR,862,2.7,772,46,unstable,1207,647,95,2025-11-15
M0652,4G_UNSTABLE,252,2.2,3117,75,moderate,403,189,206,2025-12-01
M0653,2G_EDGE,1798,5.5,159,23,poor,2427,1349,26,2026-01-15
M0654,4G_UNSTABLE,351,1.7,3261,71,moderate,562,263,152,2025-11-10
M0655,2G_EDGE,1415,5,205,25,poor,1910,1061,54,2025-12-10
M0656,4G_UNSTABLE,276,1.5,4536,61,moderate,442,207,105,2026-02-15
M0657,4G_GOOD,122,0.1,5078,96,stable,183,92,565,2025-12-20
M0658,3G_POOR,892,2.6,837,50,unstable,1249,669,101,2025-12-10
M0659,4G_UNSTABLE,381,2.2,4028,70,moderate,610,286,235,2025-11-15
M0660,2G_EDGE,1712,5.5,183,26,poor,2311,1284,21,2025-12-01
M0661,4G_UNSTABLE,259,1.9,3763,73,moderate,414,194,171,2025-12-20
M0662,3G_POOR,847,3.4,606,46,unstable,1186,635,52,2025-12-10
M0663,3G_POOR,852,3.9,956,50,unstable,1193,639,68,2025-12-10
M0664,4G_UNSTABLE,358,2.3,3603,62,moderate,573,269,223,2025-12-01
M0665,4G_GOOD,125,0.2,6660,92,stable,188,94,353,2026-02-15
M0666,4G_GOOD,126,0.4,7998,89,stable,189,95,252,2026-02-01
M0667,3G_POOR,765,3.2,844,42,unstable,1071,574,112,2026-02-15
M0668,4G_UNSTABLE,368,1.7,3511,63,moderate,589,276,218,2025-12-01
M0669,4G_GOOD,108,0.3,6588,86,stable,162,81,478,2025-11-10
M0670,4G_GOOD,105,0.4,6960,87,stable,158,79,217,2026-01-05
M0671,4G_GOOD,122,0.3,6612,90,stable,183,92,204,2025-12-10
M0672,2G_EDGE,1563,6.6,206,30,poor,2110,1172,51,2025-11-10
M0673,4G_UNSTABLE,281,1.7,4849,68,moderate,450,211,268,2026-02-15
M0674,3G_POOR,835,3.7,764,47,unstable,1169,626,64,2025-11-20
M0675,3G_POOR,856,3.9,671,42,unstable,1198,642,67,2025-12-20
M0676,4G_UNSTABLE,287,2.1,3445,63,moderate,459,215,134,2025-11-15
M0677,3G_POOR,732,3.3,820,45,unstable,1025,549,86,2026-02-15
M0678,4G_GOOD,95,0.4,5259,93,stable,143,71,375,2025-12-10
M0679,4G_GOOD,103,0.3,5201,94,stable,155,77,428,2026-02-01
M0680,2G_EDGE,1443,5.2,212,28,poor,1948,1082,48,2025-12-20
M0681,3G_POOR,747,2.7,892,50,unstable,1046,560,122,2026-02-15
M0682,4G_UNSTABLE,340,2.1,4778,74,moderate,544,255,159,2026-01-15
M0683,4G_GOOD,90,0.2,5956,90,stable,135,68,507,2025-11-10
M0684,4G_GOOD,102,0.4,7321,95,stable,153,77,402,2026-01-15
M0685,4G_GOOD,89,0.2,6352,91,stable,134,67,534,2025-11-20
M0686,2G_EDGE,1492,5.9,159,22,poor,2014,1119,52,2026-02-01
M0687,3G_POOR,848,3.2,890,51,unstable,1187,636,134,2026-03-01
M0688,3G_POOR,841,3,710,42,unstable,1177,631,93,2025-12-10
M0689,3G_POOR,799,3.5,709,42,unstable,1119,599,94,2026-02-15
M0690,2G_EDGE,1598,5.2,197,26,poor,2157,1199,53,2025-12-01
M0691,2G_EDGE,1578,5.4,171,27,poor,2130,1184,26,2026-03-01
M0692,3G_POOR,884,2.7,852,47,unstable,1238,663,135,2025-11-10
M0693,3G_POOR,742,3.9,605,39,unstable,1039,557,59,2026-02-01
M0694,4G_UNSTABLE,314,1.9,3196,62,moderate,502,236,190,2026-02-01
M0695,4G_GOOD,101,0.2,7409,95,stable,152,76,244,2025-12-20
M0696,2G_EDGE,1688,5.6,169,28,poor,2279,1266,42,2025-11-10
M0697,4G_GOOD,99,0.2,6355,86,stable,149,74,223,2026-03-01
M0698,4G_UNSTABLE,318,2.4,4156,67,moderate,509,239,147,2026-02-15
M0699,4G_UNSTABLE,257,2.5,4865,72,moderate,411,193,149,2025-12-20
M0700,3G_POOR,710,3.8,712,52,unstable,994,533,99,2025-11-15
M0701,4G_GOOD,117,0.5,8165,91,stable,176,88,490,2026-02-01
M0702,4G_GOOD,83,0.4,8431,92,stable,125,62,276,2025-11-20
M0703,4G_UNSTABLE,286,2.1,3790,67,moderate,458,215,283,2026-02-15
M0704,2G_EDGE,1576,5.6,181,26,poor,2128,1182,47,2026-01-15
M0705,4G_GOOD,127,0.3,6023,93,stable,191,95,228,2025-11-10
M0706,3G_POOR,892,2.8,894,39,unstable,1249,669,127,2026-02-01
M0707,4G_GOOD,108,0.1,6095,85,stable,162,81,579,2026-02-15
M0708,2G_EDGE,1514,6.8,152,29,poor,2044,1136,41,2025-11-15
M0709,4G_GOOD,108,0.3,7651,90,stable,162,81,283,2025-12-01
M0710,3G_POOR,787,3.2,713,44,unstable,1102,590,120,2025-12-10
M0711,4G_UNSTABLE,387,2,3944,62,moderate,619,290,126,2025-12-20
M0712,3G_POOR,801,3.1,651,38,unstable,1121,601,75,2026-01-15
M0713,4G_GOOD,97,0.4,7759,85,stable,146,73,444,2025-12-10
M0714,3G_POOR,882,3,670,42,unstable,1235,662,55,2025-12-20
M0715,4G_GOOD,119,0.5,9550,94,stable,179,89,522,2025-11-10
M0716,2G_EDGE,1753,5.1,188,32,poor,2367,1315,22,2026-03-01
M0717,4G_UNSTABLE,300,1.9,3732,70,moderate,480,225,284,2026-02-01
M0718,4G_UNSTABLE,353,2.1,4522,71,moderate,565,265,122,2025-11-15
M0719,3G_POOR,776,2.8,705,45,unstable,1086,582,106,2026-01-05
M0720,4G_UNSTABLE,336,1.8,4628,74,moderate,538,252,205,2026-01-15
M0721,4G_GOOD,84,0.4,9881,96,stable,126,63,287,2026-01-15
M0722,3G_POOR,746,3.4,752,50,unstable,1044,560,91,2025-11-20
M0723,3G_POOR,808,3.7,668,51,unstable,1131,606,108,2026-02-01
M0724,3G_POOR,777,3.3,628,42,unstable,1088,583,55,2026-03-01
M0725,4G_GOOD,105,0.3,7735,88,stable,158,79,485,2026-02-01
M0726,3G_POOR,770,3.9,733,44,unstable,1078,578,64,2025-12-10
M0727,4G_UNSTABLE,388,1.9,4630,67,moderate,621,291,161,2025-12-20
M0728,2G_EDGE,1549,6,165,20,poor,2091,1162,54,2026-03-01
M0729,4G_GOOD,103,0.3,5313,87,stable,155,77,574,2025-11-15
M0730,4G_UNSTABLE,343,1.9,4607,68,moderate,549,257,191,2025-11-20
M0731,4G_UNSTABLE,331,1.9,4168,69,moderate,530,248,262,2026-01-05
M0732,2G_EDGE,1624,5.3,182,23,poor,2192,1218,29,2025-11-20
M0733,4G_UNSTABLE,371,2,4185,71,moderate,594,278,142,2026-01-05
M0734,4G_UNSTABLE,253,2.3,3566,67,moderate,405,190,164,2025-11-10
M0735,2G_EDGE,1763,7,180,25,poor,2380,1322,41,2026-02-15
M0736,4G_UNSTABLE,376,1.7,4446,70,moderate,602,282,196,2026-03-01
M0737,4G_GOOD,103,0.5,7272,95,stable,155,77,375,2026-02-01
M0738,4G_GOOD,88,0.1,6845,88,stable,132,66,388,2025-11-20
M0739,4G_GOOD,81,0.5,5645,91,stable,122,61,394,2026-02-01
M0740,2G_EDGE,1414,5.5,180,24,poor,1909,1061,45,2025-11-10
M0741,3G_POOR,882,2.9,634,45,unstable,1235,662,80,2026-02-01
M0742,3G_POOR,721,3.5,999,47,unstable,1009,541,55,2026-01-05
M0743,4G_GOOD,104,0.3,6770,87,stable,156,78,506,2025-11-15
M0744,4G_GOOD,125,0.4,6376,95,stable,188,94,232,2026-01-15
M0745,4G_GOOD,102,0.4,5179,98,stable,153,77,460,2025-11-20
M0746,2G_EDGE,1757,6.2,168,29,poor,2372,1318,50,2025-11-10
M0747,4G_GOOD,100,0.5,6566,90,stable,150,75,350,2025-11-15
M0748,4G_GOOD,100,0.2,5418,93,stable,150,75,268,2025-11-10
M0749,4G_GOOD,80,0.3,5501,91,stable,120,60,303,2026-02-01
M0750,4G_UNSTABLE,394,2,4664,60,moderate,630,296,155,2025-11-15
M0751,4G_GOOD,127,0.1,5877,92,stable,191,95,267,2025-11-10
M0752,4G_GOOD,121,0.2,8123,97,stable,182,91,315,2025-11-20
M0753,4G_GOOD,118,0.2,6500,89,stable,177,89,415,2025-12-20
M0754,3G_POOR,773,3.7,675,44,unstable,1082,580,128,2025-11-15
M0755,2G_EDGE,1754,7,159,24,poor,2368,1316,59,2025-12-01
M0756,4G_UNSTABLE,395,1.8,4677,64,moderate,632,296,289,2026-01-15
M0757,4G_GOOD,104,0.2,9575,93,stable,156,78,598,2026-02-01
M0758,4G_GOOD,80,0.2,8982,96,stable,120,60,457,2025-11-10
M0759,4G_GOOD,90,0.1,7027,96,stable,135,68,447,2026-02-15
M0760,4G_UNSTABLE,371,2,4468,74,moderate,594,278,223,2026-02-15
M0761,4G_GOOD,121,0.2,9837,86,stable,182,91,312,2025-11-20
M0762,4G_GOOD,85,0.3,7037,96,stable,128,64,463,2026-02-15
M0763,3G_POOR,799,3.5,943,38,unstable,1119,599,67,2025-12-20
M0764,3G_POOR,895,2.6,777,41,unstable,1253,671,120,2026-02-15
M0765,4G_GOOD,125,0.2,5332,89,stable,188,94,574,2026-01-15
M0766,2G_EDGE,1503,5.6,193,31,poor,2029,1127,35,2026-02-15
M0767,4G_UNSTABLE,337,2,4038,71,moderate,539,253,288,2026-01-15
M0768,4G_UNSTABLE,316,1.8,3919,60,moderate,506,237,219,2026-01-05
M0769,3G_POOR,836,3,617,52,unstable,1170,627,94,2025-12-10
M0770,2G_EDGE,1403,6.8,199,31,poor,1894,1052,29,2025-12-20
M0771,3G_POOR,703,3.6,897,38,unstable,984,527,59,2026-03-01
M0772,4G_GOOD,116,0.3,5354,94,stable,174,87,481,2025-12-10
M0773,2G_EDGE,1626,6.8,198,31,poor,2195,1220,34,2026-03-01
M0774,3G_POOR,857,2.9,655,40,unstable,1200,643,122,2025-11-15
M0775,2G_EDGE,1774,5.8,166,22,poor,2395,1331,32,2026-01-05
M0776,4G_GOOD,94,0.1,7907,93,stable,141,71,468,2026-03-01
M0777,3G_POOR,736,3.7,829,40,unstable,1030,552,69,2025-11-15
M0778,3G_POOR,886,2.9,647,47,unstable,1240,665,91,2025-11-20
M0779,4G_UNSTABLE,380,2.3,4618,61,moderate,608,285,267,2026-02-15
M0780,3G_POOR,806,2.9,924,40,unstable,1128,605,104,2026-03-01
M0781,4G_UNSTABLE,252,1.6,4962,62,moderate,403,189,102,2026-01-05
M0782,4G_UNSTABLE,290,1.9,4883,72,moderate,464,218,198,2025-12-10
M0783,3G_POOR,746,3.8,669,43,unstable,1044,560,117,2025-12-10
M0784,3G_POOR,832,3.5,757,48,unstable,1165,624,71,2025-11-15
M0785,4G_GOOD,128,0.5,6212,96,stable,192,96,241,2025-12-10
M0786,4G_GOOD,99,0.1,5139,96,stable,149,74,328,2026-01-15
M0787,2G_EDGE,1754,6.9,217,23,poor,2368,1316,44,2025-12-01
M0788,4G_UNSTABLE,280,2.1,4678,72,moderate,448,210,128,2025-11-15
M0789,2G_EDGE,1742,6.3,195,27,poor,2352,1307,29,2025-11-15
M0790,3G_POOR,706,3,775,46,unstable,988,530,79,2026-02-15
M0791,2G_EDGE,1691,6,169,31,poor,2283,1268,55,2025-12-01
M0792,4G_GOOD,119,0.3,9913,89,stable,179,89,209,2025-11-20
M0793,4G_UNSTABLE,398,1.6,3769,65,moderate,637,299,184,2025-12-20
M0794,4G_GOOD,93,0.1,5706,97,stable,140,70,216,2025-12-10
M0795,4G_GOOD,115,0.2,7036,89,stable,173,86,356,2025-12-10
M0796,4G_GOOD,96,0.2,7856,92,stable,144,72,447,2025-12-20
M0797,4G_GOOD,125,0.1,6302,88,stable,188,94,579,2025-12-10
M0798,2G_EDGE,1404,6.3,179,22,poor,1895,1053,25,2025-11-20
M0799,4G_GOOD,109,0.4,8209,96,stable,164,82,255,2025-12-01
M0800,2G_EDGE,1679,5.5,160,28,poor,2267,1259,43,2025-11-10
M0801,4G_UNSTABLE,297,1.6,3083,68,moderate,475,223,263,2026-02-15
M0802,4G_UNSTABLE,370,2,3625,74,moderate,592,278,121,2025-12-20
M0803,3G_POOR,822,3.6,744,39,unstable,1151,617,144,2026-01-15
M0804,4G_UNSTABLE,370,1.8,4330,62,moderate,592,278,232,2026-02-15
M0805,4G_UNSTABLE,313,2.5,3959,72,moderate,501,235,201,2025-11-20
M0806,3G_POOR,757,3.2,898,41,unstable,1060,568,78,2025-11-10
M0807,3G_POOR,881,2.5,827,40,unstable,1233,661,104,2026-02-01
M0808,3G_POOR,727,2.9,897,45,unstable,1018,545,120,2025-12-01
M0809,4G_GOOD,113,0.1,6519,92,stable,170,85,535,2026-01-05
M0810,3G_POOR,781,3.2,983,45,unstable,1093,586,60,2026-01-15
M0811,4G_UNSTABLE,297,1.5,3512,61,moderate,475,223,250,2026-02-15
M0812,3G_POOR,842,3.8,896,45,unstable,1179,632,125,2025-11-20
M0813,4G_UNSTABLE,274,2.3,4185,65,moderate,438,206,110,2025-11-15
M0814,3G_POOR,858,2.8,880,40,unstable,1201,644,137,2025-12-01
M0815,4G_GOOD,109,0.4,6252,94,stable,164,82,237,2025-11-15
M0816,3G_POOR,895,3.4,800,40,unstable,1253,671,86,2025-11-20
M0817,4G_GOOD,87,0.1,7400,97,stable,131,65,299,2025-11-15
M0818,3G_POOR,899,3.3,882,40,unstable,1259,674,90,2025-11-10
M0819,4G_GOOD,92,0.5,6769,95,stable,138,69,454,2025-11-15
M0820,4G_UNSTABLE,360,2.1,3214,63,moderate,576,270,223,2026-02-01
M0821,4G_UNSTABLE,333,1.5,4928,67,moderate,533,250,296,2025-11-10
M0822,4G_GOOD,120,0.2,7264,97,stable,180,90,460,2026-02-01
M0823,3G_POOR,732,3.2,678,51,unstable,1025,549,104,2026-03-01
M0824,2G_EDGE,1508,5.8,171,31,poor,2036,1131,22,2025-12-20
M0825,4G_GOOD,83,0.1,8723,91,stable,125,62,334,2025-12-10
M0826,3G_POOR,859,3.8,637,42,unstable,1203,644,115,2026-01-15
M0827,4G_GOOD,123,0.4,5954,91,stable,185,92,437,2026-01-05
M0828,2G_EDGE,1494,5.7,151,20,poor,2017,1121,44,2025-11-20
M0829,4G_UNSTABLE,346,2.3,3866,68,moderate,554,260,216,2025-11-20
M0830,4G_UNSTABLE,351,1.7,4454,71,moderate,562,263,264,2025-11-20
M0831,4G_GOOD,117,0.1,6561,94,stable,176,88,578,2025-12-01
M0832,2G_EDGE,1498,5.3,156,21,poor,2022,1124,29,2025-12-10
M0833,3G_POOR,765,4,892,39,unstable,1071,574,76,2025-11-15
M0834,4G_GOOD,107,0.4,9825,93,stable,161,80,338,2026-02-01
M0835,2G_EDGE,1507,5.1,176,25,poor,2034,1130,46,2025-12-10
M0836,3G_POOR,870,3.8,973,43,unstable,1218,653,81,2026-02-15
M0837,3G_POOR,855,2.6,671,50,unstable,1197,641,94,2025-12-01
M0838,3G_POOR,821,3.1,651,40,unstable,1149,616,82,2026-02-01
M0839,4G_GOOD,99,0.3,5021,93,stable,149,74,245,2025-12-10
M0840,4G_GOOD,102,0.1,8736,95,stable,153,77,541,2025-11-10
M0841,4G_UNSTABLE,334,1.5,3254,65,moderate,534,251,150,2025-12-10
M0842,4G_UNSTABLE,351,2.4,4232,72,moderate,562,263,289,2026-02-01
M0843,4G_UNSTABLE,340,1.8,4216,61,moderate,544,255,108,2025-12-20
M0844,3G_POOR,846,3.6,853,46,unstable,1184,635,145,2025-12-10
M0845,3G_POOR,859,3,838,47,unstable,1203,644,136,2026-02-01
M0846,3G_POOR,862,3.5,835,47,unstable,1207,647,56,2025-11-15
M0847,3G_POOR,735,4,982,38,unstable,1029,551,112,2026-02-01
M0848,4G_GOOD,90,0.2,5237,90,stable,135,68,529,2026-02-15
M0849,4G_UNSTABLE,341,1.9,4014,69,moderate,546,256,276,2026-02-15
M0850,3G_POOR,825,2.9,807,48,unstable,1155,619,104,2026-01-15
M0851,4G_GOOD,122,0.2,9239,91,stable,183,92,444,2026-01-15
M0852,3G_POOR,786,3.6,634,49,unstable,1100,590,115,2026-02-15
M0853,4G_GOOD,81,0.3,5993,87,stable,122,61,471,2026-01-05
M0854,2G_EDGE,1608,6.5,179,31,poor,2171,1206,31,2026-01-15
M0855,4G_GOOD,89,0.4,5364,88,stable,134,67,490,2026-03-01
M0856,4G_GOOD,95,0.5,7224,85,stable,143,71,485,2025-11-20
M0857,2G_EDGE,1533,5.3,177,24,poor,2070,1150,28,2025-12-01
M0858,2G_EDGE,1723,6.2,168,25,poor,2326,1292,29,2025-11-10
M0859,3G_POOR,831,3.4,969,44,unstable,1163,623,130,2025-11-15
M0860,4G_GOOD,96,0.1,6561,86,stable,144,72,533,2025-12-20
M0861,2G_EDGE,1706,5.8,163,26,poor,2303,1280,52,2026-02-15
M0862,4G_UNSTABLE,271,2.2,3958,69,moderate,434,203,218,2026-02-01
M0863,4G_GOOD,122,0.3,6528,95,stable,183,92,386,2025-12-10
M0864,3G_POOR,846,2.6,841,46,unstable,1184,635,75,2025-12-01
M0865,3G_POOR,886,2.7,795,50,unstable,1240,665,92,2025-12-20
M0866,4G_GOOD,84,0.3,5588,94,stable,126,63,440,2026-02-15
M0867,3G_POOR,759,3.6,633,39,unstable,1063,569,55,2025-12-01
M0868,4G_GOOD,110,0.1,7940,93,stable,165,83,558,2025-11-20
M0869,3G_POOR,740,3.8,646,40,unstable,1036,555,133,2026-03-01
M0870,4G_GOOD,129,0.3,6151,87,stable,194,97,470,2026-03-01
M0871,4G_GOOD,114,0.3,7582,88,stable,171,86,494,2026-02-01
M0872,3G_POOR,884,2.9,819,41,unstable,1238,663,53,2025-12-20
M0873,4G_GOOD,129,0.2,7056,86,stable,194,97,391,2026-02-15
M0874,4G_UNSTABLE,360,1.9,4621,70,moderate,576,270,230,2026-01-05
M0875,4G_GOOD,110,0.2,8642,88,stable,165,83,452,2026-01-05
M0876,4G_GOOD,113,0.4,6688,92,stable,170,85,409,2026-03-01
M0877,4G_GOOD,96,0.5,9695,91,stable,144,72,333,2026-01-05
M0878,2G_EDGE,1689,6.5,183,27,poor,2280,1267,59,2025-11-15
M0879,4G_GOOD,89,0.2,6403,88,stable,134,67,452,2026-02-01
M0880,3G_POOR,816,2.6,858,44,unstable,1142,612,103,2026-01-15
M0881,4G_UNSTABLE,308,2.4,3777,61,moderate,493,231,227,2026-02-15
M0882,4G_GOOD,100,0.2,5731,87,stable,150,75,377,2026-02-15
M0883,2G_EDGE,1735,5.8,179,22,poor,2342,1301,33,2026-02-15
M0884,4G_UNSTABLE,283,1.8,4666,75,moderate,453,212,247,2025-11-15
M0885,4G_GOOD,88,0.2,6614,86,stable,132,66,349,2026-03-01
M0886,4G_GOOD,107,0.4,5060,94,stable,161,80,302,2026-03-01
M0887,4G_GOOD,91,0.4,6628,93,stable,137,68,354,2026-02-01
M0888,4G_GOOD,103,0.5,8582,88,stable,155,77,482,2025-11-15
M0889,4G_GOOD,102,0.3,7992,91,stable,153,77,235,2025-11-20
M0890,4G_GOOD,113,0.2,8116,93,stable,170,85,479,2025-11-10
M0891,4G_GOOD,84,0.5,8155,91,stable,126,63,426,2025-12-01
M0892,3G_POOR,894,3.7,972,46,unstable,1252,671,69,2025-11-20
M0893,2G_EDGE,1796,5,193,25,poor,2425,1347,39,2026-01-15
M0894,4G_GOOD,95,0.4,8430,93,stable,143,71,293,2025-11-10
M0895,4G_GOOD,116,0.3,5849,92,stable,174,87,512,2026-02-15
M0896,4G_GOOD,117,0.1,6653,96,stable,176,88,297,2025-12-10
M0897,3G_POOR,738,3.1,944,43,unstable,1033,554,93,2026-02-15
M0898,4G_UNSTABLE,367,2.3,4167,69,moderate,587,275,115,2025-11-15
M0899,4G_GOOD,99,0.5,7476,86,stable,149,74,556,2026-01-05
M0900,4G_GOOD,91,0.3,6389,95,stable,137,68,384,2025-11-10
M0901,3G_POOR,758,3,736,51,unstable,1061,569,100,2025-12-01
M0902,2G_EDGE,1729,5.7,206,24,poor,2334,1297,55,2026-02-15
M0903,4G_UNSTABLE,300,2,4596,72,moderate,480,225,151,2025-12-20
M0904,3G_POOR,808,3.2,908,38,unstable,1131,606,110,2025-11-15
M0905,3G_POOR,820,3.7,909,40,unstable,1148,615,90,2026-02-01
M0906,4G_GOOD,106,0.2,6811,97,stable,159,80,277,2026-01-05
M0907,4G_UNSTABLE,277,2.3,3938,66,moderate,443,208,268,2026-01-05
M0908,3G_POOR,774,2.7,897,50,unstable,1084,581,127,2026-02-15
M0909,4G_GOOD,93,0.4,6451,89,stable,140,70,305,2026-03-01
M0910,3G_POOR,806,3.1,921,51,unstable,1128,605,117,2026-03-01
M0911,3G_POOR,858,2.8,655,39,unstable,1201,644,143,2026-02-15
M0912,4G_UNSTABLE,354,2.2,3745,69,moderate,566,266,133,2025-12-01
M0913,2G_EDGE,1551,5.7,163,26,poor,2094,1163,31,2025-11-20
M0914,4G_GOOD,106,0.3,6847,94,stable,159,80,338,2025-12-20
M0915,4G_UNSTABLE,343,2.4,4490,69,moderate,549,257,179,2026-01-05
M0916,2G_EDGE,1565,6.8,216,26,poor,2113,1174,37,2025-11-15
M0917,4G_GOOD,118,0.4,8554,87,stable,177,89,338,2025-12-01
M0918,4G_GOOD,114,0.5,6747,96,stable,171,86,586,2026-01-15
M0919,3G_POOR,717,2.8,735,39,unstable,1004,538,138,2026-03-01
M0920,4G_GOOD,106,0.4,5992,86,stable,159,80,203,2025-12-20
M0921,4G_GOOD,120,0.4,6731,90,stable,180,90,315,2025-12-01
M0922,4G_UNSTABLE,309,2.5,3538,65,moderate,494,232,225,2025-11-15
M0923,3G_POOR,838,2.8,754,39,unstable,1173,629,146,2026-01-15
M0924,4G_UNSTABLE,293,1.7,4667,61,moderate,469,220,126,2026-03-01
M0925,3G_POOR,845,3.1,926,40,unstable,1183,634,122,2025-11-15
M0926,3G_POOR,782,4,829,49,unstable,1095,587,144,2026-03-01
M0927,3G_POOR,746,2.5,662,50,unstable,1044,560,93,2026-01-15
M0928,4G_UNSTABLE,370,1.6,4117,69,moderate,592,278,221,2025-12-20
M0929,4G_GOOD,94,0.4,9230,94,stable,141,71,520,2025-12-10
M0930,4G_UNSTABLE,327,1.9,3100,67,moderate,523,245,243,2025-12-20
M0931,3G_POOR,874,3.1,633,44,unstable,1224,656,85,2025-12-01
M0932,4G_GOOD,90,0.4,5664,93,stable,135,68,409,2025-12-10
M0933,4G_UNSTABLE,293,2.4,4480,66,moderate,469,220,264,2026-01-05
M0934,3G_POOR,806,3.3,615,43,unstable,1128,605,79,2026-02-01
M0935,2G_EDGE,1750,6.5,156,26,poor,2363,1313,52,2025-12-20
M0936,3G_POOR,756,2.9,951,45,unstable,1058,567,101,2025-11-15
M0937,4G_GOOD,103,0.5,9047,96,stable,155,77,581,2026-02-15
M0938,4G_GOOD,85,0.1,6895,91,stable,128,64,267,2026-01-15
M0939,2G_EDGE,1582,5.3,216,28,poor,2136,1187,50,2026-01-05
M0940,4G_GOOD,107,0.4,6067,89,stable,161,80,366,2026-02-01
M0941,2G_EDGE,1615,5.8,167,30,poor,2180,1211,28,2025-12-10
M0942,4G_UNSTABLE,295,1.8,3426,68,moderate,472,221,297,2025-11-15
M0943,2G_EDGE,1520,6.7,183,30,poor,2052,1140,34,2026-03-01
M0944,3G_POOR,763,3.4,795,43,unstable,1068,572,91,2025-11-20
M0945,4G_UNSTABLE,290,1.9,4665,70,moderate,464,218,158,2026-01-15
M0946,4G_GOOD,81,0.2,8679,90,stable,122,61,519,2025-12-20
M0947,4G_UNSTABLE,340,1.6,4121,74,moderate,544,255,256,2026-01-05
M0948,2G_EDGE,1507,5.5,157,27,poor,2034,1130,24,2026-01-15
M0949,4G_GOOD,84,0.2,8830,97,stable,126,63,587,2026-01-15
M0950,2G_EDGE,1464,5.9,198,32,poor,1976,1098,35,2026-02-15
M0951,3G_POOR,844,2.7,815,43,unstable,1182,633,121,2026-02-15
M0952,4G_GOOD,120,0.4,8832,89,stable,180,90,325,2026-01-05
M0953,2G_EDGE,1782,6.1,207,29,poor,2406,1337,21,2025-11-10
M0954,4G_UNSTABLE,333,1.7,3975,62,moderate,533,250,227,2025-11-15
M0955,4G_GOOD,92,0.4,6067,95,stable,138,69,508,2026-02-15
M0956,4G_GOOD,111,0.1,6289,94,stable,167,83,524,2026-02-15
M0957,4G_GOOD,92,0.1,8747,90,stable,138,69,573,2026-03-01
M0958,3G_POOR,750,3.8,797,42,unstable,1050,563,88,2026-01-05
M0959,4G_GOOD,81,0.4,5287,92,stable,122,61,278,2025-12-10
M0960,3G_POOR,890,3.8,650,50,unstable,1246,668,104,2026-02-15
M0961,4G_UNSTABLE,294,1.5,3149,63,moderate,470,221,268,2026-02-15
M0962,4G_GOOD,93,0.2,7742,95,stable,140,70,348,2026-03-01
M0963,3G_POOR,842,2.5,618,46,unstable,1179,632,127,2025-11-10
M0964,4G_GOOD,119,0.3,9988,90,stable,179,89,552,2026-01-15
M0965,4G_UNSTABLE,346,1.6,4364,70,moderate,554,260,136,2026-03-01
M0966,3G_POOR,765,3.9,937,52,unstable,1071,574,80,2026-03-01
M0967,3G_POOR,709,3.4,792,51,unstable,993,532,106,2025-12-20
M0968,3G_POOR,887,3.4,685,42,unstable,1242,665,61,2025-12-20
M0969,4G_UNSTABLE,258,2.2,4134,68,moderate,413,194,251,2025-12-10
M0970,4G_GOOD,85,0.3,8391,96,stable,128,64,541,2026-02-15
M0971,3G_POOR,840,2.6,805,41,unstable,1176,630,127,2025-11-20
M0972,4G_UNSTABLE,332,2.4,4369,70,moderate,531,249,109,2026-02-15
M0973,3G_POOR,712,3.5,917,38,unstable,997,534,106,2026-02-15
M0974,4G_GOOD,129,0.5,7366,92,stable,194,97,477,2025-11-15
M0975,4G_UNSTABLE,299,2,3218,70,moderate,478,224,296,2025-11-15
M0976,4G_GOOD,99,0.2,8590,93,stable,149,74,485,2025-11-20
M0977,3G_POOR,727,3,761,43,unstable,1018,545,55,2025-12-20
M0978,3G_POOR,807,2.5,975,41,unstable,1130,605,111,2025-11-10
M0979,4G_GOOD,126,0.2,8013,95,stable,189,95,512,2025-12-10
M0980,3G_POOR,761,3.9,898,44,unstable,1065,571,137,2026-02-01
M0981,3G_POOR,712,3.4,646,40,unstable,997,534,67,2026-01-15
M0982,4G_GOOD,115,0.1,6302,97,stable,173,86,279,2026-02-01
M0983,2G_EDGE,1513,5.9,212,25,poor,2043,1135,38,2026-02-01
M0984,3G_POOR,732,3.7,781,39,unstable,1025,549,142,2025-12-20
M0985,4G_UNSTABLE,332,2.4,3134,75,moderate,531,249,126,2025-12-01
M0986,4G_GOOD,106,0.4,5151,86,stable,159,80,286,2025-11-15
M0987,4G_GOOD,86,0.4,8291,93,stable,129,65,218,2025-11-10
M0988,4G_GOOD,100,0.1,9215,95,stable,150,75,279,2026-02-15
M0989,4G_GOOD,112,0.2,9493,86,stable,168,84,210,2026-01-05
M0990,3G_POOR,844,2.8,960,43,unstable,1182,633,143,2025-11-10
M0991,3G_POOR,868,3.5,782,48,unstable,1215,651,83,2026-02-15
M0992,4G_GOOD,108,0.2,5181,85,stable,162,81,466,2026-02-15
M0993,4G_UNSTABLE,279,1.5,4977,64,moderate,446,209,265,2025-11-10
M0994,2G_EDGE,1607,5.8,184,28,poor,2169,1205,33,2025-12-10
M0995,3G_POOR,876,2.6,751,50,unstable,1226,657,134,2025-11-20
M0996,3G_POOR,803,2.7,747,43,unstable,1124,602,146,2025-11-20
M0997,4G_UNSTABLE,375,1.6,4103,71,moderate,600,281,153,2025-11-20
M0998,4G_GOOD,93,0.1,6464,89,stable,140,70,256,2025-11-10
M0999,4G_UNSTABLE,376,2.1,3257,65,moderate,602,282,212,2025-12-20
M1000,4G_UNSTABLE,259,2.3,3473,62,moderate,414,194,128,2025-12-10